component,explained_variance_ratio
1,0.4261370003223419
2,0.12441609799861908
3,0.074482761323452
4,0.05139853432774544
5,0.030875470489263535
6,0.030482450500130653
7,0.02518310770392418
8,0.02173583023250103
9,0.015194924548268318
10,0.014028000645339489
11,0.01340779010206461
12,0.01128638256341219
13,0.010063260793685913
14,0.009595880284905434
15,0.007585093379020691
16,0.006911940407007933
17,0.006262130104005337
18,0.005585263948887587
19,0.00501865241676569
20,0.004873357247561216
