internal_id,matched_window_count,state_fraction_delta
GVPA_001032,1,1
GVPA_001542,4,0.5
GVPA_001547,2,0.5
GVPA_001550,1,0
GVPA_001553,2,1
GVPA_001556,4,1
GVPA_001557,4,0.5
GVPA_001558,2,0
GVPA_001559,2,0.5
GVPA_001561,4,0.25
GVPA_001563,5,0.6
GVPA_001564,2,1
GVPA_001565,2,1
GVPA_001566,2,0.5
GVPA_001567,2,0.5
GVPA_001568,2,0
GVPA_001570,2,0.5
GVPA_001573,4,0.5
GVPA_001574,2,1
GVPA_001576,1,1
GVPA_001582,2,0
GVPA_001585,1,0
GVPA_001588,1,0
GVPA_001590,2,0
GVPA_001591,1,0
GVPA_001592,2,0
GVPA_001594,1,0
GVPA_001595,2,0.5
GVPA_001597,2,0
GVPA_001598,1,0
GVPA_001599,1,0
GVPA_001601,1,0
GVPA_001603,2,1
GVPA_001605,1,0
GVPA_001607,1,0
GVPA_001608,1,0
GVPA_001611,1,1
GVPA_001612,1,0
GVPA_001613,1,0
GVPA_001615,1,0
GVPA_001616,1,0
GVPA_001617,1,0
GVPA_001618,1,0
GVPA_001619,3,0
GVPA_001620,1,0
GVPA_001621,1,0
GVPA_001624,1,0
GVPA_001625,1,0
GVPA_001626,1,0
GVPA_001628,1,0
GVPA_001629,1,0
GVPA_001630,1,0
GVPA_001631,2,0.5
GVPA_001632,1,1
GVPA_001634,1,0
GVPA_001635,1,0
GVPA_001636,2,0
GVPA_001637,1,0
GVPA_001638,1,0
GVPA_001639,1,0
GVPA_001640,2,0.5
GVPA_001642,1,0
GVPA_001644,1,0
GVPA_001645,1,0
GVPA_001648,1,0
GVPA_001650,1,0
GVPA_001651,1,0
GVPA_001652,1,0
GVPA_001653,1,0
GVPA_001654,1,0
GVPA_001656,1,0
GVPA_001657,1,0
GVPA_001661,1,0
GVPA_001665,2,0.5
GVPA_001666,2,0
GVPA_001667,2,0.5
GVPA_001675,1,0
GVPA_001678,1,0
GVPA_001679,1,0
GVPA_001681,1,0
GVPA_001682,1,0
GVPA_001684,1,0
GVPA_001691,2,0
GVPA_001695,1,0
GVPA_001697,3,0.3333333333333333
GVPA_001698,2,0.5
GVPA_001699,1,0
GVPA_001700,1,0
GVPA_001701,1,0
GVPA_001702,1,0
GVPA_001703,1,0
GVPA_001704,1,0
GVPA_001706,1,0
GVPA_001716,2,0
GVPA_001717,2,0
GVPA_001722,1,0
GVPA_001725,1,0
GVPA_001726,2,1
GVPA_001728,1,0
GVPA_001729,1,0
GVPA_001730,1,0
GVPA_001735,2,0
GVPA_001736,1,0
GVPA_001740,1,0
GVPA_001741,1,0
GVPA_001748,1,0
GVPA_001750,2,0.5
GVPA_001752,2,0
GVPA_001754,1,0
GVPA_001756,1,0
GVPA_001757,1,0
GVPA_001760,2,0.5
GVPA_001761,2,0.5
GVPA_001768,1,0
GVPA_001770,1,0
GVPA_001775,1,0
GVPA_001784,1,0
GVPA_001785,1,0
GVPA_001792,1,0
GVPA_001794,1,0
GVPA_001798,2,0.5
GVPA_001799,2,0.5
GVPA_001800,1,0
GVPA_001801,1,1
GVPA_001804,1,0
GVPA_001813,1,0
GVPA_001817,1,0
GVPA_001823,3,0
GVPA_001824,1,0
GVPA_001826,1,0
GVPA_001828,1,0
GVPA_001843,1,0
GVPA_001844,1,0
GVPA_001846,2,0.5
GVPA_001848,1,0
GVPA_001851,2,0
GVPA_001853,1,0
GVPA_001856,2,0.5
GVPA_001858,1,0
GVPA_001861,3,0.3333333333333333
GVPA_001862,2,0
GVPA_001864,1,0
GVPA_001866,3,0.3333333333333333
GVPA_001867,1,0
GVPA_001868,2,1
GVPA_001869,2,0.5
GVPA_001870,2,0.5
GVPA_001873,2,0.5
GVPA_001877,1,0
GVPA_001883,2,0
GVPA_001886,1,0
GVPA_001888,1,0
GVPA_001890,1,0
GVPA_001891,2,0.5
GVPA_001892,1,0
GVPA_001896,1,1
GVPA_001897,2,0.5
GVPA_001899,1,0
GVPA_001902,1,0
GVPA_001903,1,0
GVPA_001905,1,0
GVPA_001908,1,0
GVPA_001914,1,0
GVPA_001916,1,0
GVPA_001923,3,0.3333333333333333
GVPA_001931,4,0
GVPA_001932,1,0
GVPA_001934,2,0.5
GVPA_001935,3,0.3333333333333333
GVPA_001940,1,1
GVPA_001943,2,0.5
GVPA_001945,1,0
GVPA_001949,2,0
GVPA_001951,2,0
GVPA_001952,1,0
GVPA_001953,1,0
GVPA_001955,2,0.5
GVPA_001957,2,1
GVPA_001959,1,1
GVPA_001960,1,0
GVPA_001966,1,0
GVPA_001969,2,0.5
GVPA_001988,1,1
GVPA_001992,1,1
GVPA_002026,1,0
GVPA_002032,1,0
GVPA_002041,1,0
GVPA_002045,4,0.25
GVPA_002047,4,0
GVPA_002051,1,0
GVPA_002055,1,0
GVPA_002059,2,0.5
GVPA_002061,1,1
GVPA_002063,2,1
GVPA_002071,1,0
GVPA_002073,1,0
GVPA_002074,1,0
