internal_id,sequence_id,sequence_sha256,sequence_length,analysis_cohort,split,homology_cluster
GVPA_000002,WSK64696.1,93acd62cda39262797de612ea5c4652847758913fa8ff8c766e84ebd13a17f87,160,sensitivity_type_conflict,discovery,GVPA_000002
GVPA_000003,WUW94253.1,2cbea2021b2dcea14377227fc86daecb49411a1db98dabc2e5d54b9a0e603977,160,sensitivity_type_conflict,validation,GVPA_000003
GVPA_000004,KAB2976173.1,9b6cb897a8405aa7124894a95de219c0ee1bf78d059f3f1d820a259b0a935199,160,sensitivity_type_conflict,validation,GVPA_000004
GVPA_000007,WP_453244956.1,eeca65fda60c8841c87964adc236efa74f82d97fce738bab57d6160e76a78d96,160,sensitivity_partial_and_type_conflict,validation,GVPA_000003
GVPA_000011,WP_451189814.1,5c0d188bce2c5f4737f81487ed5a8fdcf9ea4fe0cdc73bcb6d404b6c4aff41fd,160,sensitivity_type_conflict,validation,GVPA_000003
GVPA_000027,WP_358832610.1,fd518a58d504f21f9e85b20da48de05dcb2c9cdccf1037842b096c2b77307f0c,160,sensitivity_type_conflict,validation,GVPA_000027
GVPA_000029,WP_351476877.1,4ebfab4f119d90a5895e1406cb46f4f0d6d7a05aaa638a116df5154be263c1ac,160,sensitivity_partial_and_type_conflict,discovery,GVPA_000029
GVPA_000032,WP_044370583.1,7cd41cbbcd5c7ce7172df4acedb7011ca5351b0f491e6bfbac5e1822b9d07c26,160,sensitivity_type_conflict,discovery,GVPA_000032
GVPA_000034,WP_164288620.1,a5b93f53d79e2b2dbf90eb6a9a6793a0e4829faa710c4232bafe74a79666853e,160,sensitivity_partial,validation,GVPA_000034
GVPA_000035,WP_121708673.1,18f184f3f3cc956a6bc2afbd17aac1b842152dc245865bd7a1d2ed66c5c77ef2,160,sensitivity_partial,validation,GVPA_000034
GVPA_000038,WTP49231.1,cefd53f493008d2ff90c013a3bef3626dafd83b20c3f35464070601743941cab,159,sensitivity_type_conflict,discovery,GVPA_000002
GVPA_000049,WP_401442918.1,b3f4fa4cbf0460c79bb815661a0bd7cf3aff0461f81af98637e1590525904998,159,sensitivity_type_conflict,validation,GVPA_000003
GVPA_000054,WP_383352255.1,393fc2ba523c63a3a8b5126ee6c983321584792e170caeebe8007d70fc53a92d,159,sensitivity_type_conflict,validation,GVPA_000027
GVPA_000059,WP_355830401.1,3f87300a5dc3fb208d69dfffdf28d7eaebf5ad9833336988277c05ae731c6aef,159,sensitivity_partial,validation,GVPA_000004
GVPA_000065,WP_189882594.1,ad7aeb38963e238726a1c73d7d8751ce1f45884df7fec03413233613e0c97e87,159,sensitivity_type_conflict,discovery,GVPA_000042
GVPA_000069,WUK43022.1,1f2decc9d9629b127278278a79c2631cfe1372e33fb9f7fa3062c90a64d8e731,158,sensitivity_type_conflict,discovery,GVPA_000069
GVPA_000070,WTT65212.1,d3c36edb3c6b427867e3c1f514fa3cf54cd130518a1bc76b3e7ea8febd916a65,158,sensitivity_type_conflict,discovery,GVPA_000070
GVPA_000071,WSU37981.1,5cfc2961268b2ad6fbbd0c5ffefb5f875674b86113d81548e10f8e5237ee527e,158,sensitivity_type_conflict,discovery,GVPA_000071
GVPA_000073,RSS90530.1,93369edea3e0f21044e87ec7bbf2b6bb6f536b80e6d8a7292754e34860c32873,158,sensitivity_type_conflict,validation,GVPA_000066
GVPA_000088,WP_397708237.1,89aa1bd73f2543203e6678818272d1ef0ee7b57b7e1b41942e5084509dc2afef,158,sensitivity_type_conflict,discovery,GVPA_000036
GVPA_000091,WP_389563647.1,3b1571f15ba9c3a457dda1f02f0c567e2780e4dad194f1e75acf4d8ee5f0736f,158,sensitivity_type_conflict,discovery,GVPA_000015
GVPA_000108,WSN15356.1,70cf8e4638ff311302cb5ca8bdaf2b05615557c2718837bce8b58329e68c16b3,157,sensitivity_type_conflict,discovery,GVPA_000108
GVPA_000109,WSF73295.1,d71b202a146af4e5c40e1d8651f7c026298b5e7307054da065294585b1a2834f,157,sensitivity_type_conflict,validation,GVPA_000106
GVPA_000110,WUS27179.1,33d8dbb5443a9dadf56dd26ec9768c6243bb1b51920d6d16f721c17ca4f06646,157,sensitivity_type_conflict,validation,GVPA_000106
GVPA_000111,WUI78559.1,210e9a5f9b72676b9ce0414231b8690a99fbf64edbe8fd9feb7357e5592b915a,157,sensitivity_type_conflict,validation,GVPA_000106
GVPA_000112,WTT04611.1,3dee88ac2224aeef66c62dd0dc079a58305bb2c1d9e90cabb1c042aece5bca88,157,sensitivity_type_conflict,discovery,GVPA_000070
GVPA_000113,WSX74523.1,d82c955fa7d898a2ab968cd145c1de0abf568f4ddc1ef84aa0417b91848c0d7f,157,sensitivity_type_conflict,validation,GVPA_000113
GVPA_000114,WSR03362.1,038b08407425f0209cdb96cc36e42259071302c926fe63bba6c5ab699b4b4051,157,sensitivity_type_conflict,discovery,GVPA_000108
GVPA_000115,KAK1181699.1,3eea95a610545d989cc1bc7224c0e0d3753a9bf6ed82145149be65b0951b1936,157,sensitivity_type_conflict,validation,GVPA_000115
GVPA_000116,WDT53200.1,234ee7db19bcd2cc0f1630cf366548d80bba5a2dc1fe9d0a807aebb36b390595,157,sensitivity_type_conflict,validation,GVPA_000106
GVPA_000117,QNE28847.1,12a0a0f60adf0d5d9a9ed3023ad10ee0a112eb82697cee1d12249f336ac12d3c,157,sensitivity_type_conflict,discovery,GVPA_000117
GVPA_000119,TYC20801.1,e6295cee6c2439f50c7391b3374d7ab904bb9b1b2979302129998984d03fb900,157,sensitivity_type_conflict,discovery,GVPA_000119
GVPA_000124,WP_391293770.1,c6dc96223180e7999ad30ee71a6da1e4abf972bb818c8e69614d823e5e16a6ad,157,sensitivity_type_conflict,validation,GVPA_000003
GVPA_000129,WP_391768040.1,6e99b3f9a0b58712177c34304e9169a2d888f19582d30d9155cde3a9d198741d,157,sensitivity_type_conflict,discovery,GVPA_000017
GVPA_000137,WP_383247159.1,3a645a0f088737157738513e1229f94aa03ac7e7efd28f4f78751758351c340e,157,sensitivity_partial,discovery,GVPA_000137
GVPA_000142,WP_351890756.1,7a4f96b572aca888e549c2900747c59559a61ccb494b9bf2bc740362d3dd2274,157,sensitivity_type_conflict,discovery,GVPA_000018
GVPA_000143,WP_333748958.1,8e705e99e0df14551dd1502f10029e13e9cd3c3397e564e47a6624f1ea91c676,157,sensitivity_partial,validation,GVPA_000034
GVPA_000147,WTJ02229.1,ff800aecb7c2e95dee995632f38f39f4f8a9337144730532c4a4464e60a684bd,156,sensitivity_type_conflict,validation,GVPA_000106
GVPA_000148,WUF51925.1,fd6df642808b7adaae7d2540069b145a548b9730b610a70e72cead707ae5250d,156,sensitivity_type_conflict,validation,GVPA_000106
GVPA_000149,WTJ87519.1,492e347eb26b4c87a4d19d5443666652b1ed572308e4f655a1c21f39e0d3395d,156,sensitivity_type_conflict,discovery,GVPA_000070
GVPA_000150,WSS83536.1,25e53f7654eeb15d035efa89ea5ba9943e3d7876da6919025fde4eac14cfb3c9,156,sensitivity_type_conflict,discovery,GVPA_000108
GVPA_000151,WSA44165.1,9f6df4357b80feaba99b2ba53bb159f79268b232228ed70d93a9415cb3b0921a,156,sensitivity_type_conflict,discovery,GVPA_000151
GVPA_000152,KAK1177480.1,13ee99e71183bcf0111471c794073cd1a279d137f0bceb4cbb0ebcb2716406cc,156,sensitivity_type_conflict,discovery,GVPA_000152
GVPA_000154,UBU14556.1,a780429eddf249c23975b56a9668b2a322a73d599c0b18bae063ac6f026f4a50,156,sensitivity_type_conflict,discovery,GVPA_000154
GVPA_000155,TYB59816.1,2cb5ad54287ddfae1bb28ea4520c816400ed0ff20f360ad646dc482e8096d39a,156,sensitivity_type_conflict,discovery,GVPA_000154
GVPA_000156,TXS32860.1,4415612531290b13178a54529dc011dac752d5c94aa6f8fef455d7ce5d141ed9,156,sensitivity_type_conflict,discovery,GVPA_000015
GVPA_000157,RXS59721.1,4d4125c6b49afe26d25062adb1246060f34a6d1b8f69201492c507f678bf7ba5,156,sensitivity_type_conflict,validation,GVPA_000106
GVPA_000158,RNM12707.1,498985a9ee7c531dccceef85a62cfcdb70761787a948bd032a035011c1147a9c,156,sensitivity_type_conflict,discovery,GVPA_000158
GVPA_000159,WP_454662542.1,a047f1979afd5b8fdf1aa7724e87715db05ec5ecfb94a52397a03f77a011b7fb,156,sensitivity_type_conflict,discovery,GVPA_000002
GVPA_000162,WP_451140714.1,8643a2ee778d5ccbfcb0536c6d2b4fba69625f111a3c219a599d309571d671b2,156,sensitivity_type_conflict,discovery,GVPA_000162
GVPA_000166,WP_401336931.1,7123a04d9a48efe65e47d6bf525c4b583fa5b5d1e968bb8884eb47fd321b6bbe,156,sensitivity_type_conflict,discovery,GVPA_000002
GVPA_000168,WP_398556501.1,11f369de17725a3f8c00884a73587717044f82efd4ffeec5db546d858b43ec0d,156,sensitivity_type_conflict,validation,GVPA_000106
GVPA_000181,WP_376364315.1,98789b5a89b87b54caa8739ebd4f9d03934ce8f1015c3e6a6dc26cc109a21692,156,sensitivity_partial,validation,GVPA_000004
GVPA_000189,WP_319230544.1,886b08dfcc280efec79de2676bcc5871975f7b65509cdc7ed01473c28edc3c5f,156,sensitivity_partial,validation,GVPA_000034
GVPA_000194,WUD30313.1,e3ae3cb5783250fb742fb71fd41788066eafe4e9503a858545a216b3b1c140a9,155,sensitivity_type_conflict,discovery,GVPA_000002
GVPA_000195,WUJ29488.1,05faae01597311327997dcaa18a986a0dcf6a39f96c69beb335d17057b021d9c,155,sensitivity_type_conflict,validation,GVPA_000195
GVPA_000196,WSA50400.1,25ee00a9c2b4e74f79dddf96434d433971716d5f11893c48c16e2298f089d9f2,155,sensitivity_type_conflict,discovery,GVPA_000196
GVPA_000197,QLH23779.1,6d78621f6d3740396fe5847455aae2a4e2e6386925f17cc1e5d1180471402397,155,sensitivity_type_conflict,validation,GVPA_000197
GVPA_000201,WP_452795190.1,e83e8d48ba7c7f3b54f9ee8c6b9f77b2023da710feac9abd4b9a68798875d710,155,sensitivity_type_conflict,discovery,GVPA_000002
GVPA_000237,WP_086829756.1,fad8137fcb190ad723ec8a83a192164a557f1155dcd58736d517baefd9433f36,155,sensitivity_type_conflict,validation,GVPA_000237
GVPA_000238,WP_030319046.1,4a5f55b61c3d38a7db8701e84ee43393be083a13e56f95538d654c9ee2729bff,155,sensitivity_type_conflict,discovery,GVPA_000015
GVPA_000240,WP_023536993.1,8030e08454b67a8a8fdc0adb74cc7bc562f2a3cbe29caffa38fb35ce9b7d7a4e,155,sensitivity_type_conflict,validation,GVPA_000195
GVPA_000241,WSS54069.1,7b9e043074608d733fa72c2d1537a85a9f066180f066c7dccb48472069ce640e,154,sensitivity_type_conflict,discovery,GVPA_000036
GVPA_000242,WUB21575.1,29fc4eacaf44be490badeadbce3c4cd75afe1507fe0e57c73f835b331eeefd20,154,sensitivity_type_conflict,discovery,GVPA_000002
GVPA_000243,WSM59866.1,c6dc835e8a7f5c8d11a73cd38fb6c63240024ac637d49f0f3d542143bc1f9067,154,sensitivity_type_conflict,validation,GVPA_000051
GVPA_000244,WFB05881.1,ebdc86196ce4e8d00cbf9ba38711d49948dea32e86053404b7bef7a590e2f72d,154,sensitivity_type_conflict,validation,GVPA_000244
GVPA_000254,WP_451232029.1,8933d6c1c4a63bd716728a7be84ab02d57277662ab7e5d390fb51522084a40e4,154,sensitivity_type_conflict,validation,GVPA_000195
GVPA_000302,WTL39756.1,074f333dec93d43ec001ab5196dc8d9407e32e65e924082593fdfab9b32f9cc2,153,sensitivity_type_conflict,discovery,GVPA_000002
GVPA_000303,WUQ36349.1,e3077655950eb8305d3cf37e4839e30e88a91376f65493a909adb159a3d26f6b,153,sensitivity_type_conflict,discovery,GVPA_000108
GVPA_000304,WUO67544.1,51872cd8b900b7db59b4cb4c59f81cffbdf3d79cd890be22619e7a1259ad8788,153,sensitivity_type_conflict,discovery,GVPA_000070
GVPA_000305,UDL97234.1,93fc211ea4b34cbb875026509884d43be1642502a001de29bc657940ba5ea750,153,sensitivity_type_conflict,discovery,GVPA_000002
GVPA_000307,TSB42614.1,d268375257282fdab2112f048f4128bc30ace20de5ba382a79801f9df4fd6b32,153,sensitivity_type_conflict,validation,GVPA_000195
GVPA_000309,TCC54956.1,61e29cae23afb89da745010ba770cfe4371312db2078b73a10c6073d25eff596,153,sensitivity_type_conflict,discovery,GVPA_000309
GVPA_000319,WP_401426214.1,33a9e89351919445261ab980e8c2d29d87336cac1d7c7c6e078988b1ffb63f29,153,sensitivity_partial_and_type_conflict,discovery,GVPA_000207
GVPA_000321,WP_399096113.1,ad4332bd90bf9c0754b60c832076b680fd9a4f42322258e17a3e1ac037de8cf3,153,sensitivity_type_conflict,validation,GVPA_000321
GVPA_000334,WP_380539526.1,94f60e1739b8eab4b905d2e795bd165b9ab4dfea6308ba7e7f25c7def9d792cf,153,sensitivity_partial_and_type_conflict,discovery,GVPA_000334
GVPA_000340,WP_355177951.1,a5c6dc07b04c941f9dbe21f23e0be71176f21ff378e73fe2ad26615c453744d8,153,sensitivity_type_conflict,validation,GVPA_000195
GVPA_000352,XUT62697.1,81c712b2f98895c40a2ddd233e82cd441e197a9c3c238140dfe93eb144babaad,152,sensitivity_type_conflict,discovery,GVPA_000036
GVPA_000353,WUT59625.1,c7e8400b87d18c0ef7e0fce724bd3e50a675687052b9b2896b89fa9dc2806374,152,sensitivity_type_conflict,discovery,GVPA_000036
GVPA_000354,WUG79270.1,75b688dadffb1bcbff68a46ea43ce8e18f78ec796777e2f5f661ce6397e2051e,152,sensitivity_type_conflict,validation,GVPA_000195
GVPA_000355,WTA16234.1,3d9edce97c58d4805f58219bd99dd9c4a329696adfbb02a5c8e29fb166a6f2e4,152,sensitivity_type_conflict,discovery,GVPA_000069
GVPA_000356,WAX80261.1,6ec46415f5fc553cea18aaf0315bbe4de3a8aea445a680c864c8d1790a407c51,152,sensitivity_type_conflict,discovery,GVPA_000101
GVPA_000358,QKV90841.1,852c1e12d13ecb9125eaede29f2d31f81c1b42135f7c4ae90614365c7c548c0f,152,sensitivity_type_conflict,discovery,GVPA_000358
GVPA_000359,QKW11241.1,45b60ded4a91504edebd9ae66f3e440b4629a6af401b2d7733358f68f5939e4e,152,sensitivity_type_conflict,discovery,GVPA_000359
GVPA_000360,THA58236.1,b535f7704d93dbe22b59ee9f681d719bafa8fccd459b56f9c1eed3f1b2446a2c,152,sensitivity_type_conflict,discovery,GVPA_000070
GVPA_000372,WP_403968127.1,7253878f0872cfcb82e243f0efbb637fe491d2ad9e4ad51ef1c6fc793559ae46,152,sensitivity_type_conflict,discovery,GVPA_000070
GVPA_000377,WP_393003677.1,437f9506346cff39ec4689ed40c778804d0275fb505aa8f9eac4cd05cea30f5c,152,sensitivity_type_conflict,validation,GVPA_000163
GVPA_000379,WP_389200447.1,cc0ce0e8073409d4b8f5939f6a634255d257a23444a16cb8a0f0b69dc07ea296,152,sensitivity_type_conflict,discovery,GVPA_000036
GVPA_000412,WUC31711.1,a781ed1499476fa04028456993ef07a195b09521cebe488ec92344ff87e2e2d5,151,sensitivity_type_conflict,discovery,GVPA_000036
GVPA_000414,WTK48656.1,2b65cf1e277ab50a0dfea72e404907a62cb4cb8f7818dc85a8e98caf94170131,151,sensitivity_type_conflict,validation,GVPA_000195
GVPA_000415,WEH26905.1,da289e6aa9b0bf8de540f065269d06f49459873a9b3833cdd0594163557e434b,151,sensitivity_type_conflict,discovery,GVPA_000415
GVPA_000416,UCM87006.1,36827e11a82ffe4606640d17dad8a7c9d14d738f0d01c12f842d3508586b336b,151,sensitivity_type_conflict,discovery,GVPA_000293
GVPA_000419,TYC16602.1,1bb47a7631b68590aef7d065b945461e3e0572a2fa0688a2dc150af9c19a9381,151,sensitivity_type_conflict,discovery,GVPA_000419
GVPA_000427,WP_383124149.1,6b1b83a6f8bc123d7765cad46b64eb55d762473c3204460ca5d815592a723036,151,sensitivity_type_conflict,validation,GVPA_000118
GVPA_000455,WP_356741192.1,33fef4978350a6e01d81e6a5cff99ccc649532575eb7e0d68e23977668e4f666,151,sensitivity_type_conflict,discovery,GVPA_000036
GVPA_000456,WP_351854039.1,3188c479bfc09ac4a9c30d389b54771de54e5eacab8b9c9a7864b91e9814368f,151,sensitivity_partial,validation,GVPA_000034
GVPA_000468,WUL61904.1,101346775bd8fc719b54979e083bfbf7f14d0836e1721babe826a6889b637cab,150,sensitivity_type_conflict,discovery,GVPA_000359
GVPA_000469,WUH67075.1,6d257d8cbeb3f3af448a4055c1cecbeae018a2b575e09fa0c35fc7d6c4bef6ea,150,sensitivity_type_conflict,validation,GVPA_000195
GVPA_000471,WSV66202.1,8ba3d6668e353b537179756d5c27fb2a95e8bd9f8c72c9284d0c8e5772848082,150,sensitivity_type_conflict,validation,GVPA_000195
GVPA_000473,TYK44999.1,4c96609e88fefed251a063c3e229848389b264369ff78b01fc6c4ea08caff2ce,150,sensitivity_type_conflict,discovery,GVPA_000419
GVPA_000477,TDD51024.1,4ae78c1c1be6346c183962821728826c6b0d84da906b28d19c443753e747012e,150,sensitivity_type_conflict,discovery,GVPA_000477
GVPA_000480,RFU39091.1,8f5fe7826629ed89a40b9faed48f23e0bf8dfa2837f4de86e6d1cce7e7beb90a,150,sensitivity_type_conflict,discovery,GVPA_000480
GVPA_000482,WP_452791987.1,19ba9de27fb9717c3df44ecfc9b06a15398b435ce0ace6d96b785aa2952df4e5,150,sensitivity_partial_and_type_conflict,discovery,GVPA_000482
GVPA_000487,WP_451534540.1,aa2fbff88b2095e758a6a3b4b163dc132f9a934fcc56d53c5613dfd244e4ecfe,150,sensitivity_partial,discovery,GVPA_000487
GVPA_000492,WP_403701150.1,a7c89eebefca912beab2f72bc2d856e268b547f66976b08a9ac30688601d4071,150,sensitivity_type_conflict,discovery,GVPA_000036
GVPA_000496,WP_393385206.1,f5fb3ee693d31a034b772ae08a5066c476a1be01597b9cb9a6891d829792a929,150,sensitivity_type_conflict,discovery,GVPA_000036
GVPA_000508,WP_382094743.1,ddcdde615d6fb2c5a17f649f9804317c6a0b5e82e776189f2383a36d9dfd70f1,150,sensitivity_type_conflict,discovery,GVPA_000036
GVPA_000533,WP_069170354.1,01826cb1467e83bda32f0687c621c8b177d58956f6691909acaddc45416992bf,150,sensitivity_type_conflict,discovery,GVPA_000533
GVPA_000537,WTE65329.1,c851ec622696a1a12ee9bdee37f539e41bfcfd2da320b5c14bf13bbb4feb8d9c,149,sensitivity_type_conflict,validation,GVPA_000058
GVPA_000538,WTB14440.1,11cdda0e14dc63f88e3551b77278849f4ceab2fcac8f21cd7207c50273749519,149,sensitivity_type_conflict,discovery,GVPA_000538
GVPA_000540,QRV46238.1,0f515c4258dc68fd3f9cedc7bd0ec1d8363965240a977e06e73a05c2f6d73f7a,149,sensitivity_type_conflict,discovery,GVPA_000036
GVPA_000541,QKV98372.1,18538ad2cac14b715a4a2f3fb439bd199d3691456fc8c8eab56a15f2cbfe5777,149,sensitivity_type_conflict,discovery,GVPA_000366
GVPA_000542,KAB2349017.1,dc14f7daba068ca57783d63f193db801df6214cfaf145f0731a5044c629f2e14,149,sensitivity_type_conflict,discovery,GVPA_000542
GVPA_000544,QEU76199.1,44c1225c064716847eb8917058a477c564b235980f2ef7ae199c8fd689dd687d,149,sensitivity_type_conflict,discovery,GVPA_000036
GVPA_000567,WP_362030612.1,425ccac60d65ecc8705262fe29c9cd5645e090e36244ddfda990e6093bddce73,149,sensitivity_type_conflict,validation,GVPA_000058
GVPA_000581,WP_259439783.1,49e936977b6eb53b80d8fca37e5f3965457a10ea2f1cd3e609bcfd7d44eb52e5,149,sensitivity_type_conflict,validation,GVPA_000113
GVPA_000590,WTP83072.1,9065be60727dc7f9b38883de26c912c2e67f5ca2230e5b0a4fadad7b5578bff7,148,sensitivity_type_conflict,discovery,GVPA_000002
GVPA_000591,WTQ70312.1,13f51706d5d2df8544bb29487d725da127af320464ee7d483f2a2e2e71809728,148,sensitivity_type_conflict,validation,GVPA_000027
GVPA_000592,QEV72737.1,6a52c0e6351eb3ed062692446cce939c540a71b9c51b2778d34e43a1c43300b4,148,sensitivity_type_conflict,discovery,GVPA_000108
GVPA_000593,TDD21448.1,36749830dffecd1a04a73a614f4f8c592a860cd58504c6c0c4290403e0d0737d,148,sensitivity_type_conflict,discovery,GVPA_000419
GVPA_000628,WP_344626470.1,786299b9dd0c8c22b65b6ea21ad17ceb48186f1ce5bde3eea18ac1d93761ccc6,148,sensitivity_type_conflict,discovery,GVPA_000628
GVPA_000645,UHH21717.1,fb63ecbac61c302167f920fcc1a3500f2fbbd2afc3ff29984a0762f6ce0653bf,147,sensitivity_type_conflict,validation,GVPA_000645
GVPA_000646,WNE94752.1,2b769a64bdbe24f6dbc761932d2659e2b37730bb31d575bda50d22ede5ca9712,147,sensitivity_type_conflict,validation,GVPA_000645
GVPA_000647,XLD97541.1,fca4193e69c1cb015d9a2550e476effcdacac38436423288385f83cbb499a3e0,147,sensitivity_type_conflict,discovery,GVPA_000647
GVPA_000648,WUS95394.1,45b0f1ea69baf732de14489d7621432c589f3147754cf2a724ee76af338459bf,147,sensitivity_type_conflict,discovery,GVPA_000002
GVPA_000649,QXJ19741.1,d8ac85c1e2427ebd2b9e638f9cb4216daa438ae2d8862811ccb10a63bd503e7f,147,sensitivity_type_conflict,discovery,GVPA_000419
GVPA_000657,WP_351546180.1,320fe23e9372033ca7fb14013ff2d2f8a2a8100c8c817f96d0e715077a6fa729,147,sensitivity_partial_and_type_conflict,validation,GVPA_000386
GVPA_000659,WP_451679542.1,b8cc85402e6c670971ed26e6f0d08e5103a51f6dff6375ed1de18ff9ce1b9297,147,sensitivity_partial_and_type_conflict,discovery,GVPA_000659
GVPA_000664,WP_445526214.1,03d83a1fa7ff4d7140c7d21c68eb11b391ed28f3a6c010037bf3bb594bdba037,147,sensitivity_partial_and_type_conflict,validation,GVPA_000664
GVPA_000674,WP_382588235.1,6530dea3e0b70941a2aa772420e975e2d35e44666ca8b828871ac8560e41e35f,147,sensitivity_type_conflict,validation,GVPA_000674
GVPA_000678,WP_376665898.1,b539b8844d38329d768f7ce4e9957f7b53ee8719ef9e422b586b1ccd665ecc10,147,sensitivity_partial_and_type_conflict,discovery,GVPA_000678
GVPA_000702,WP_203981192.1,9eb330714a4edcfd1291e819242e3dc59f88da1c048c27eb309f271dfb14240d,147,sensitivity_type_conflict,discovery,GVPA_000548
GVPA_000707,WP_161257564.1,ea476664504cb08f905e9fa725be71eefc84a26aeff3d2704657e69a2bec37db,147,sensitivity_type_conflict,validation,GVPA_000674
GVPA_000712,WTL67178.1,db9f1375949c94632148628b52a2673d4178337edea34be38e594625ed01b535,146,sensitivity_type_conflict,validation,GVPA_000712
GVPA_000713,WUV03576.1,6f78ae7dbd3067bdbed82a69a7e6d28493156abb7f90f4bb61a93d7908aad39d,146,sensitivity_type_conflict,discovery,GVPA_000713
GVPA_000714,WEV23940.1,1ecba3351cb7c8c6d3e7ede9054328338a77f37abae1c23858b9814c9ac04ca7,146,sensitivity_type_conflict,discovery,GVPA_000714
GVPA_000715,QKW30197.1,4dc2d75fe52bb5128871dcd27ba4c7f91ded31ea8893a420704db52b48770529,146,sensitivity_partial_and_type_conflict,validation,GVPA_000715
GVPA_000718,TYB41319.1,0894eb32985d53dab26367ca7d54274d1df588ae1227ca4cf0df09167c42a48a,146,sensitivity_type_conflict,discovery,GVPA_000419
GVPA_000719,TQE30355.1,a4e60913eb3f568d3843d52cb78a8c97ba2ff2a7b270c308fd0153da62a8bc12,146,sensitivity_partial,discovery,GVPA_000207
GVPA_000723,WP_451592751.1,84228058f64b921318eaac701722a3a6fc0bb5077094021125ccb4f1f1972154,146,sensitivity_type_conflict,discovery,GVPA_000516
GVPA_000769,WP_225018553.1,e542e83a90d021f732ab4451e0361e6355ac7236383a6cc356cb8b268ea23266,146,sensitivity_type_conflict,discovery,GVPA_000557
GVPA_000781,WUM89467.1,1ad342624de277274295e25b19454e7e002ebe481aa77170aa45cf3390414015,145,sensitivity_type_conflict,discovery,GVPA_000538
GVPA_000782,WUH21957.1,8bb53690eb425655a7a8581aa9f1493c9d1b50a02600bf6c4ae87360feca6763,145,sensitivity_type_conflict,validation,GVPA_000782
GVPA_000783,WTY68224.1,3ca681349695f8ed3ee4fa27e1fd62ed4b5b8e25e90cd6008c6b3a078ec85bc9,145,sensitivity_type_conflict,discovery,GVPA_000538
GVPA_000784,WTP18404.1,cf2b86e8ceab5f9ee1d8566657bc7370868854cbb61f0689dd36c37d3cb9bd8c,145,sensitivity_type_conflict,discovery,GVPA_000538
GVPA_000785,WSY99352.1,f6ad48ba3d6950d55fac03dc798b0090c33afcf288b69692505c127cfef95755,145,sensitivity_type_conflict,validation,GVPA_000559
GVPA_000786,WAL76183.1,b777f719d06f5568d601eb6c513a16a406176bbbb7d5adb954a48353aa3d09e0,145,sensitivity_type_conflict,discovery,GVPA_000786
GVPA_000787,QSB15186.1,7ca23b11f7e72b0b7519a80a408a7b4b8beb27f907dd04a3b39decbca41655f3,145,sensitivity_type_conflict,discovery,GVPA_000787
GVPA_000790,TPQ16984.1,2edf756636d17183bcfd13e4cabba3fce94e0f6fbf94fc706a4b4b3e6b00061e,145,sensitivity_type_conflict,discovery,GVPA_000790
GVPA_000815,WP_388993653.1,d499a1d7e59742b65ad3c132ef4bedc5d3245c8c168d7228057342d02b7d4cbb,145,sensitivity_type_conflict,discovery,GVPA_000815
GVPA_000851,UZD61660.1,7bdcd34808440e39807481e06e566bf90ef45c514350b324a9060bc6228f1ad9,144,sensitivity_type_conflict,discovery,GVPA_000851
GVPA_000852,QUH00234.1,cabc629dd821e7c45393a6456158aeb7cae073e86b43f17cd4c754d071a405c4,144,sensitivity_type_conflict,discovery,GVPA_000852
GVPA_000860,TDE15162.1,990449c41bf3220c5aec51b5346d4e0d26e5ea63934d67e185e0fd52206e5a02,144,sensitivity_type_conflict,discovery,GVPA_000419
GVPA_000861,TDC76395.1,61acde313dc73ca203d44ca3ea1c0724f1a531d79b92f331fadff4d93e37e9b4,144,sensitivity_type_conflict,validation,GVPA_000861
GVPA_000862,TDC58828.1,b6879b2c04462a65049c2e95965e7db400e24091b0e0dc55aaf85313e8a71bdc,144,sensitivity_type_conflict,discovery,GVPA_000419
GVPA_000864,RFS83835.1,02cd962b4b3ae71346f1c49e3cf37600f70f255f873198ce8606c72e192d87f6,144,sensitivity_type_conflict,validation,GVPA_000861
GVPA_000866,WP_453579987.1,d1e24442fcf6eca2674eac9518971a8312dc929a3200531d0cb0af72549c18dd,144,sensitivity_type_conflict,validation,GVPA_000058
GVPA_000871,WP_451294146.1,7383127d471ef0847f425cf675e1a2163b881cda9f968f0b1bdddc9c4c3ee0cc,144,sensitivity_type_conflict,discovery,GVPA_000811
GVPA_000894,WP_360996810.1,b1393c719c2ea90b01bdf8bb04eb5c1fbd6f3fd5dfe1fa32776f2f36e29a203b,144,sensitivity_type_conflict,validation,GVPA_000894
GVPA_000895,WP_398900152.1,c49c12e8a8a86b415244c9b2edffa954d826da1db9bc4fce1b8b9560a54a6e63,144,sensitivity_type_conflict,discovery,GVPA_000826
GVPA_000953,WP_067831220.1,d784026174f6d42295d3db9b078c346e7843b7e3320b7d903a7c6cd1db895f8c,144,sensitivity_type_conflict,discovery,GVPA_000953
GVPA_000960,XVJ74616.1,0a906f70a5c423dba7475c170e71385a2d2e99278ca4cf7cb47be7e1bb4a8597,143,sensitivity_partial_and_type_conflict,validation,GVPA_000960
GVPA_001006,WP_385857516.1,878716d3fe58fa2fbece634a23d04416a49b49fec657d56fb81f119e73227fc5,143,sensitivity_type_conflict,validation,GVPA_000930
GVPA_001041,WP_109449758.1,67903201527b173c09d4e7c2853b98893699e1290940bf7aeba78b356c28818e,143,sensitivity_partial_and_type_conflict,discovery,GVPA_000306
GVPA_001046,WP_031511133.1,8487d6c9a7bfb18c7f4bd33336308da29102c8d998dc4a81ffe1bba5090c6df7,143,sensitivity_type_conflict,discovery,GVPA_001046
GVPA_001049,QSE89872.1,05aec1de9ccb8917908680b4c6690568bea0354f61fdc2dca7cee34a1619a40f,142,sensitivity_partial_and_type_conflict,validation,GVPA_001049
GVPA_001051,QIX27078.1,14fa5dd79d01256764c4022830df0e27344793d6c754eef0ba20eabbbb5bee76,142,sensitivity_type_conflict,discovery,GVPA_001051
GVPA_001054,TDC52619.1,5365d66c37de3a248c5889f0cc90a30cb66be90dfa9decb7b312b048c6c48218,142,sensitivity_type_conflict,validation,GVPA_001054
GVPA_001055,AZQ75244.1,54e6f32eac6d5d939d89bb543bec1e9cdf84a6365aa829954cd91b346d16239c,142,sensitivity_type_conflict,discovery,GVPA_001055
GVPA_001102,WP_192751159.1,bcaf4be206df80d85bdf2be3707b79742daf07f058d1e1bfab2ac08df0a4c057,142,sensitivity_type_conflict,discovery,GVPA_001102
GVPA_001110,WUV01345.1,8087f5ca80a883ecf2fdd2bdfb6fcfef49cd21c8132104cd0e31ff6f47bdfadc,141,sensitivity_type_conflict,discovery,GVPA_001110
GVPA_001111,QWA20925.1,dda4548fde968a05b6df8456c9b9332f22efb4e789588942ec227b681974452c,141,sensitivity_type_conflict,discovery,GVPA_001111
GVPA_001117,TQE25259.1,959945e71f313469f311969530f57bb8c22cffc5735139eda04b3c3dffcfcc52,141,sensitivity_partial,discovery,GVPA_000295
GVPA_001119,RKN23037.1,bc5a6fcf77392475cca1ef3e436dcd38bcd0c08e87e779a1301b3a9a509c4c73,141,sensitivity_type_conflict,validation,GVPA_001119
GVPA_001175,QUX23196.1,43e7561c7d05facf2895cca6f3c3c6e2a202e91eb37ce64eb2826529f182a684,140,sensitivity_type_conflict,discovery,GVPA_001175
GVPA_001177,QIZ38069.1,877e1149d89e44841d1dc8c47d2260db6c54e66fc7e99e7c5c2a350aa1aad048,140,sensitivity_type_conflict,discovery,GVPA_001177
GVPA_001178,QIZ37658.1,b8218370628caecc1e3ccf40aa733b23ddf7028dc82e404adad2b37a222ae260,140,sensitivity_type_conflict,discovery,GVPA_001177
GVPA_001186,TDD71036.1,d10f407e7c82074e348d1a11ae9ba6f3259507694e1beac9d935a57a8aa102b0,140,sensitivity_type_conflict,validation,GVPA_001054
GVPA_001187,RKN40908.1,ae6e9e6972e56cf90cfba63ff48b5ced60fb44dcd53158f9b0e0623dbe649cbc,140,sensitivity_type_conflict,discovery,GVPA_001187
GVPA_001188,RIQ21481.1,d58b3f0cd645e0a9147f6ceeddc09a7b3e39e671fc103bdd876f6aa173fbd795,140,sensitivity_type_conflict,validation,GVPA_001054
GVPA_001209,WP_319146838.1,8f5810003746fde9806bc883eaef6cc45ecc769f69d0cf60d288dc070f781d94,140,sensitivity_type_conflict,discovery,GVPA_000659
GVPA_001240,sp|A1UFH1.1|GVPA_MYCSK,0739506f322325ee29fe0a7ac885f6cd9f3953ab293e001ca9b5f6b669a02e92,139,sensitivity_type_conflict,discovery,GVPA_001240
GVPA_001241,WTD53381.1,e9cfe4a312dd51479edbfb3b4f6b86ef838ea81c4f8833be2739e554106767d5,139,sensitivity_type_conflict,validation,GVPA_001241
GVPA_001244,TDD99041.1,5cd1e7c9aefb42919fe489ea9019cbc2a7abf9f67f5e9b944c64f3f607c8bede,139,sensitivity_type_conflict,discovery,GVPA_001244
GVPA_001245,TDD50155.1,6465bd895a14858233794e88f19faac5a70472c963d11494624d6064854ae414,139,sensitivity_type_conflict,discovery,GVPA_001177
GVPA_001276,WAM15102.1,0b3dbbf8c77bc6a3554510365aead981ad8f38fbe0585b9f2674fc20d6dfdb68,138,sensitivity_partial_and_type_conflict,validation,GVPA_001049
GVPA_001277,WAL48730.1,4a11e065ece6ad06443c4d44b97d6566513c93f9bebdcd388c54ff766d75c586,138,sensitivity_type_conflict,discovery,GVPA_001277
GVPA_001278,QYA99660.1,f44c857654f488ee7ad6fb29585dffc979b529588fb2a61f95a91fd555fd8521,138,sensitivity_type_conflict,validation,GVPA_001049
GVPA_001280,KAE8763908.1,84ca3e13a041a4e7eec8e72735c180430aca3deff70f5d3032417bdf02f2b268,138,sensitivity_type_conflict,discovery,GVPA_001280
GVPA_001281,KAB8181960.1,cf6a2f190dbcbad6395123e587f70e071a959088b11d959cda24ab6c1ffe0416,138,sensitivity_type_conflict,discovery,GVPA_001281
GVPA_001283,KAA9373698.1,46cf1ea4f68790fc592f666e15133a6442cc8b0266d430972a667d97d3cf4fde,138,sensitivity_type_conflict,discovery,GVPA_001281
GVPA_001284,TSI12070.1,900a0f588b9674c2b371c9277bfc778bbaf2844f11143b1bfc26e7d68013bcc3,138,sensitivity_type_conflict,discovery,GVPA_000851
GVPA_001285,TQS02505.1,bbc8fd0751278446199ecd15d80e75527784efb13d4f79eba679e60c9a3bf72c,138,sensitivity_type_conflict,discovery,GVPA_001281
GVPA_001287,TKG70485.1,d4b86d29a2416237648d4fe1ef0c85df6530484fdcc28ac1dab75f65182d8b16,138,sensitivity_type_conflict,validation,GVPA_001287
GVPA_001288,AYA26407.1,d3649fc1b1c1970c6470ed3698def83ffea497d72e28ce6ebd605c96a70d7cc3,138,sensitivity_type_conflict,discovery,GVPA_001277
GVPA_001304,WP_059132586.1,14377fa790418a022f4369a2335abcbb97fb8cfd73c1c451f630145ddccd267d,138,sensitivity_type_conflict,discovery,GVPA_001167
GVPA_001313,WUP84382.1,d5cf1fda20a7d9852de3ff1cc9f71fe738c0a0ea7a9b9f88376dcdc5aca2492c,137,sensitivity_type_conflict,discovery,GVPA_001281
GVPA_001314,UZF45086.1,25f8dd28e9511c933322c57174f186bc422c18c0e97e640a746de970707bfe66,137,sensitivity_partial_and_type_conflict,discovery,GVPA_001314
GVPA_001315,UYP18967.1,1aeb097a28c863a862e47893fba7e73025976bb3a228c4c640b2ef60b1fad365,137,sensitivity_type_conflict,discovery,GVPA_001314
GVPA_001317,TYB64648.1,5ed9b3a06a6c2f5f029318b0a0a8a9ecf78ec1fa95b6964057c601962af9809d,137,sensitivity_type_conflict,discovery,GVPA_001281
GVPA_001319,TLP75550.1,e200876fcc6c09d2cf1fc9ed633e584868cdb0e6fbc0d7fce0223b7a45a7a589,137,sensitivity_type_conflict,validation,GVPA_001319
GVPA_001320,QBR93295.1,f13d64c8a61b5e2fb57f2ef87b13707ab90c4ab4e4bb755be39833082dbc78b3,137,sensitivity_type_conflict,discovery,GVPA_001051
GVPA_001321,RKN77296.1,a683af2d8c8c598065e91f55d0902ddd34b53e3314abff03df0ef08fbe978e96,137,sensitivity_type_conflict,discovery,GVPA_001321
GVPA_001333,WSG36340.1,e8960ef9f28cbd66312ca5b05698017849d55efa3f52f772b8ba262b8bcc76db,136,sensitivity_type_conflict,validation,GVPA_001333
GVPA_001334,QXW04748.1,f9153534fd162239df4c28e8b127fdfc6f459d0e8b2e9070f7cc81fa378599db,136,sensitivity_type_conflict,validation,GVPA_001049
GVPA_001335,QTJ68534.1,21636e3756ac6619107dbe9048d6023c45297325f9a871763969b412869185d9,136,sensitivity_type_conflict,validation,GVPA_001049
GVPA_001338,WP_451384971.1,7ff0b701fee1656056aa2988e7b97f82167d9b4803a5083a1013ce2f965c3c37,136,sensitivity_type_conflict,discovery,GVPA_000207
GVPA_001347,WP_392306419.1,bcacffe5a33ae42125a71dccc9b32abb2b5cca0683472fc80a8400186d3cefce,136,sensitivity_type_conflict,discovery,GVPA_000207
GVPA_001352,WP_360340474.1,4dce79e2f2b97e7da9d4f7862398e8c5286cae282c63fcb8b06376e2b779d43a,136,sensitivity_type_conflict,discovery,GVPA_000207
GVPA_001361,WUI34122.1,6ee0ebbf185af1c7d3460764754f389d48c1ea9ffab11a5e7f9dcc9084296705,135,sensitivity_type_conflict,discovery,GVPA_001361
GVPA_001362,WTY90603.1,febdf633d7175529519f49c0e06e9a78cd0208d79bbc9db4ccd1a51ed35484f7,135,sensitivity_type_conflict,validation,GVPA_001362
GVPA_001363,WSV87016.1,0ccad4d436403131ae6a894a73ced6b99066d09e653accf28c91d02a61204d81,135,sensitivity_type_conflict,validation,GVPA_001363
GVPA_001364,KAF3463354.1,2c6d93a162f558098aa545266850fbe490857cc1a5f3a3db87e33440718d3972,135,sensitivity_type_conflict,validation,GVPA_001364
GVPA_001365,TMR15342.1,daf6a3476c8f9f86172c534761fda080b8ce649c0e5501ea28116c9097d506b9,135,sensitivity_type_conflict,discovery,GVPA_001365
GVPA_001366,TLF72637.1,18010dfcd74fa88f6e4be6d762bf8aa25b5b43eb35bdab7e71c3394b14cdb884,135,sensitivity_type_conflict,discovery,GVPA_001366
GVPA_001367,TDD09381.1,cefddc83cc0794daadd6f9123a9319b4894b69946dae66a93d88c8f114a0c637,135,sensitivity_type_conflict,discovery,GVPA_001366
GVPA_001368,RJN33246.1,0e5b0add7b351c0d6bfcc1334aa8fbe58d3849c31b705b89b241ac9c3fa7e512,135,sensitivity_type_conflict,validation,GVPA_001319
GVPA_001375,WP_361427715.1,877e79cff6130f3d1401ac5b35262c15ae2b83bd714587e31339bf2f0162568f,135,sensitivity_partial,validation,GVPA_000664
GVPA_001394,WP_363090503.1,69084b90085d174208a8c1b80481f6a1d2c0216490eb58e88f65823ab83998df,134,sensitivity_type_conflict,discovery,GVPA_000659
GVPA_001395,WP_363268637.1,ed969dbcd21da3262d29b58f41ea606a7b0f68aeb730a5d82a9b189eafd12cae,134,sensitivity_partial_and_type_conflict,discovery,GVPA_000659
GVPA_001402,WSJ01303.1,c74d6e1106797b3a3d0f9f32beed9effd36b7ae2b05c5bc6ecb844e804aec026,133,sensitivity_type_conflict,discovery,GVPA_001402
GVPA_001403,WAL68913.1,4b655799ef9e19953b56ab1a0b8027da55f99fd77de850a0c270d8016642a5dd,133,sensitivity_type_conflict,discovery,GVPA_001403
GVPA_001404,QSI46523.1,57c2b381c8bb4035d01ccddabe10745199d9a5f91d5e7ed4ff892561b35c7fc7,133,sensitivity_type_conflict,discovery,GVPA_001404
GVPA_001405,QEV10759.1,03f867fb530fd039921dccb7806caffdf8dc855d2b56a7252261317ab1a25ba0,133,sensitivity_type_conflict,discovery,GVPA_001405
GVPA_001406,TSD49018.1,42fa1a685e21683fa592382f2822add3855f0933b50aed1eec5ff01fd43ac6eb,133,sensitivity_type_conflict,validation,GVPA_001406
GVPA_001407,RVW09160.1,4cccf8b6688a162a144077ecfbe834797b5341dd68f2f54c2830c1b302b0315b,133,sensitivity_type_conflict,discovery,GVPA_001407
GVPA_001408,RSD11682.1,e9a81b7103e08aac957e1c6ede1faf8a4860e921523251ff9a9597e40abd839e,133,sensitivity_type_conflict,discovery,GVPA_001408
GVPA_001418,WP_365121449.1,16c5c25f5ade66232fa97952eea1d12bb9947ac3822cbdfb649009f6e8b67d3e,133,sensitivity_type_conflict,discovery,GVPA_000659
GVPA_001434,WUO29378.1,7794e8f04dda3151b8bb10de1f5bc421fb133be5fb9d7ce8c7a95a2282d7dba7,132,sensitivity_type_conflict,discovery,GVPA_001434
GVPA_001435,WJJ13758.1,049b976820314d6d1bbac00fc960f2299f655d8385df0ce87e09c0328619714a,132,sensitivity_type_conflict,discovery,GVPA_001435
GVPA_001437,UXY39821.1,e79f3223c0e51a4419c7159a208be6110a8fefc6df5837ef530cc34110738fd3,132,sensitivity_type_conflict,discovery,GVPA_000659
GVPA_001438,QRP49674.1,241c00832790324418cd1075924f87a5e93d729451db5976e21208348ae45ed7,132,sensitivity_type_conflict,discovery,GVPA_001408
GVPA_001456,QSE82942.1,c0da453357697c088275e6f609c76df76d0d4bf6991488f0cf934a8545cf07b8,131,sensitivity_type_conflict,discovery,GVPA_001456
GVPA_001458,RJQ83840.1,de8bac2dd6529a2e25cf25e675b5c905516650caabde8bac6fc37b0e21f282e9,131,sensitivity_type_conflict,discovery,GVPA_001408
GVPA_001460,WP_450547824.1,6f60756580d23f7196092ea180ca921437fb49d2e89cf503114633693fd3bf03,131,sensitivity_partial,validation,GVPA_000664
GVPA_001462,WP_385867139.1,d2660dc746378160d2361e2485555c896504dae011e717e6314ef047600eaf5b,131,sensitivity_type_conflict,discovery,GVPA_001462
GVPA_001463,WP_390834691.1,6b2d1b261c4a5a6fd062a1cf2a0810fcac7170a80f8f1b70297879ffffdb032a,131,sensitivity_partial,validation,GVPA_000318
GVPA_001472,WP_383112462.1,51f4c3f9b14b05832daea684bdaad5926bc31c732e60cc7f43ac249ce92cc1fd,130,sensitivity_partial,validation,GVPA_000004
GVPA_001474,QYN38089.1,0ebe1baa66ad5d5cb8607d42e8fc713fc3899cf25aa348616b2a45f1003c8c9e,129,sensitivity_type_conflict,discovery,GVPA_001474
GVPA_001475,QHC27701.1,d07bddc680e9d91ac6be536ee8a6df24648c302d861b477cfb28389fb1f7be8e,129,sensitivity_type_conflict,discovery,GVPA_000659
GVPA_001476,KAA9159296.1,88fcfcccc234059f1df961992dcc2757d589a6716e8f0cbdc49cf92c08ebcd33,129,sensitivity_type_conflict,discovery,GVPA_001408
GVPA_001477,TVZ00746.1,ff245c7da8e6931b0552d1d254dceb0f629dca946a491a638c7a88a0b77d276f,129,sensitivity_type_conflict,discovery,GVPA_001477
GVPA_001483,URM92448.1,2020b232078a08b4fb2ba23c5957f8f9390b6f6b8f9bf83e50c07d8ad197a4f4,128,sensitivity_type_conflict,discovery,GVPA_001405
GVPA_001484,UOB15569.1,a35562a6d386286458f3f64c5f980660047b7458dc43cc950c941b3ef0e27128,128,sensitivity_type_conflict,discovery,GVPA_001462
GVPA_001485,QEU83800.1,250c76ba2d8c7cb4dc0afdd4c0994bf36b066000050316a49c9863d1c932a1d3,128,sensitivity_type_conflict,validation,GVPA_000244
GVPA_001486,QCQ91344.1,39dfc18fb4f670704090810603e6c0f18551ed72b5aa9e8df4140a2e5a2f2e81,128,sensitivity_type_conflict,discovery,GVPA_001435
GVPA_001494,WUI59959.1,590810062f74320247112de18b1b054199c09acb0416ccbb72064c8396b53982,127,sensitivity_type_conflict,discovery,GVPA_001494
GVPA_001495,URN18430.1,dabe1f4728c04495925e0f9270a5657a7770fb004a500ebd6cd83d02fc54442f,127,sensitivity_type_conflict,discovery,GVPA_001405
GVPA_001498,WP_374704540.1,62ebf5dd858a741b204480244e240c42ff497ce5b6c6c9d6111de8a6ff639202,127,sensitivity_type_conflict,discovery,GVPA_001462
GVPA_001499,WSL23944.1,1c76cf5c7e439b7734854853e38c437e0479f70e74b089089b7b2be4cd0352e6,126,sensitivity_type_conflict,discovery,GVPA_001499
GVPA_001500,QLH25982.1,1f29d340dbf4021e541d60dfcf9d3d4ac3f3ade66b3405d947b1d042a26e3c1d,126,sensitivity_type_conflict,discovery,GVPA_001462
GVPA_001502,WSI83191.1,35afd2cfc45262b86709175c6c44812fa40d8b9c13e38f8b81da0620af164aa9,125,sensitivity_type_conflict,discovery,GVPA_000659
GVPA_001503,UZG58868.1,a1655bd7b808d51abef62d02156c44b70cf7fa70a2c8862a7b9d479457bbb4ed,125,sensitivity_type_conflict,validation,GVPA_001049
GVPA_001505,WP_350716245.1,2d9bdcd1a5eebab8fcc5de706925f7c6bba11f619dd8d594ef3f9c1641525158,125,sensitivity_partial_and_type_conflict,validation,GVPA_000244
GVPA_001506,UTT50675.1,8ef96f328be5cf2ac1efa772f025ea2d828b68d14d556faa69384f870c3e1a2d,124,sensitivity_type_conflict,discovery,GVPA_001277
GVPA_001507,TJZ78305.1,95a369acdc0326b0a2d317aa65f3493c93cab96b953bdb7131c5f1a54ba4a2c1,124,sensitivity_type_conflict,validation,GVPA_001049
GVPA_001508,WP_356675340.1,fbb68370436a6f5578d0e2adc8c0474ccd715e3bdada0f91da69908d8cd88c0c,124,sensitivity_partial,validation,GVPA_000040
GVPA_001509,UZG58869.1,95f263427db9753867807c3bc66b2ff4a06170e0ff8a72257da11f08af129673,123,sensitivity_type_conflict,discovery,GVPA_001509
GVPA_001512,WTB46070.1,710430bf63a97b4a270fda7b676a9113069443d72f17e670856046c44a8e6a07,122,sensitivity_type_conflict,discovery,GVPA_000659
GVPA_001513,WAM16949.1,b00e08214202d9da45f30bb50e92bae31c4649152de2112d76fe233a0453dbc7,122,sensitivity_type_conflict,discovery,GVPA_001513
GVPA_001514,QZS59445.1,490b107cc056b2e69720a76679fcc67f1959c0c2d7153631fed6fb7ca5e4d8bf,122,sensitivity_type_conflict,discovery,GVPA_001513
GVPA_001515,QSE82200.1,97c619177bea2c666834bf60ca85afad992e082e89250a7d7080b0fdd3bfc17f,122,sensitivity_type_conflict,discovery,GVPA_001513
GVPA_001517,TLW94824.1,5f60fe6e79dfe4a2356ce35f0ffd489fa943f59b81c0373f2b5298f2bdfe5bad,122,sensitivity_type_conflict,validation,GVPA_001517
GVPA_001518,TXJ86137.1,019f68583017fbccb8ff714d4366abbf6c5a578518a7f7f475bd0f34525b3bb1,122,sensitivity_type_conflict,discovery,GVPA_000659
GVPA_001519,TQC42076.1,44de8d208f3f6cad172e8e8c3474377c8eb255ca364f4aa97dbcf1634f7982e2,122,sensitivity_type_conflict,discovery,GVPA_001513
GVPA_001529,WP_450522389.1,7f480e5776ee1b061538f0c096216a6e74c93e5134e395be70826ee474f2c1a5,121,sensitivity_type_conflict,discovery,GVPA_000659
GVPA_001530,WP_450257527.1,0acbbc130071b637dba7e3f66f394b049316a6133d2ba0a262bb191fbdeff7de,121,sensitivity_type_conflict,discovery,GVPA_000659
GVPA_001531,WP_369159403.1,ec46d1177bb744b97064c18a232e0e76376c135307d86b72a04a92eee618a5c0,121,sensitivity_type_conflict,discovery,GVPA_000659
GVPA_001537,WP_364018176.1,5d8e01ef3dbafee263d3c40bd40f836ca8e23b128e942255ab649a2eb0ee7545,121,sensitivity_type_conflict,discovery,GVPA_000659
GVPA_001543,QSE94814.1,62eb49c878ad7ce0be56795dd423ebfd464901d060ebfa98a7d8d4362fc5ee6a,120,sensitivity_type_conflict,discovery,GVPA_001513
GVPA_001544,QSE89870.1,0b443f112af31da4c521724d4819cb6dc06acd1adfc997832b1124e0f028b81d,120,sensitivity_type_conflict,discovery,GVPA_001509
GVPA_001545,WP_391689925.1,f3437976ca715521546eef105a8165d1f743a2f51af3d5462c2a4ce7cd6cfc27,120,sensitivity_type_conflict,validation,GVPA_000386
GVPA_001548,UFR07008.1,6df357493495a5fabe065349251c5b9ea37a2aca7c493cb3ea8d229b953f58d5,116,sensitivity_type_conflict,discovery,GVPA_000659
GVPA_001549,AYN37802.1,33da2a0745f3816110ff94cedf84c34def34a5abcc41c5f52e018f38b813c3ee,116,sensitivity_type_conflict,discovery,GVPA_000659
GVPA_001551,WP_105986389.1,81137907f8a802f938023314709afb0593221134347bae7f1e414c65dc4cb3d8,115,sensitivity_type_conflict,discovery,GVPA_001551
GVPA_001552,ALN77651.1,5b77cb790e4257984be3f5fe0f83308d20a225669ae6b121ddf82ab9c73843f9,115,sensitivity_type_conflict,discovery,GVPA_001551
GVPA_001555,UXV34675.1,37d7954f2ba849ee9a13c4bb70d41a45bb29a2ffde5749094fb49dc96cd6a26a,112,sensitivity_type_conflict,discovery,GVPA_001555
GVPA_001581,WP_422165804.1,db2cdf073eed6ed31349901112a0643487f8399252e4b284641aa51cb05e0f98,100,sensitivity_type_conflict,discovery,GVPA_001581
GVPA_001587,WNG55795.1,cc5b8e3667bee7376c85c96e25b0f21f12f9709697bdba377d1aa75580555864,99,sensitivity_type_conflict,validation,GVPA_001587
GVPA_001604,WLR49215.1,0f2a8f05ef1200c5dc0cf698f53b0bd686af024e90db1b1c281f9a0dc10db696,97,sensitivity_type_conflict,discovery,GVPA_001581
GVPA_001609,WP_433807116.1,48ea71fe1cd777e6ddfc05880bfe9a1f5d1f5daf4b71bf172f2e021c120d2d74,97,sensitivity_type_conflict,discovery,GVPA_001581
GVPA_001672,WP_088048850.1,34a4a65736a78d22df6a6298330e17f4c31b7e4e19acc04fa044e95a52b44b9b,93,sensitivity_partial_and_type_conflict,discovery,GVPA_001581
GVPA_001674,YCA96685.1,7c1ee34913e269628b618a114cee0c9a5db90412949ae6bff681672ba1b795b8,92,sensitivity_type_conflict,discovery,GVPA_001674
GVPA_001687,UYT86641.1,752dd7ddb136b7ab5ad1fc9143aab6de80df0e038ccb4ffd14a6d4e4c5def3a1,92,sensitivity_type_conflict,discovery,GVPA_001674
GVPA_001692,WP_347395773.1,6b64acdf3f40fdffd14457cf606766a5451a179ed659c2fe7bc45e7d0a7abcb4,91,sensitivity_partial_and_type_conflict,discovery,GVPA_001551
GVPA_001705,WP_087972332.1,487f5518a6cfaf0b0b759aa3f1c0c33eb60a885f4eea64b108da092081b51d67,91,sensitivity_type_conflict,discovery,GVPA_001703
GVPA_001711,WP_443127555.1,ff9c5d10b21ed7b06913f77b234631b63ecb3f97c32cc95c79e1808c84902994,91,sensitivity_type_conflict,validation,GVPA_001580
GVPA_001724,WP_430006374.1,ac016806c065e58141c3b0882b333b9894e53396b76c57e421d12cc3fee9d207,89,sensitivity_type_conflict,discovery,GVPA_001551
GVPA_001738,WP_430120777.1,e6ccc21f1ec1a2362fcf83865db79b02072bd4e4854c8eedc5c7f7b0246d5719,88,sensitivity_type_conflict,discovery,GVPA_001722
GVPA_001744,WP_237663390.1,351862cb01754fd1ab98becc78f0fae74e2cef16eabbad00ce4ec4d17ea28588,88,sensitivity_type_conflict,discovery,GVPA_001551
GVPA_001747,RFU67306.1,26308fc9d4bef9eb4e06fe1d1822c7ea3ef5d307f0d8ccf924dcbac00f5938cb,88,sensitivity_type_conflict,discovery,GVPA_001551
GVPA_001749,WP_221567456.1,58552353178d8fa2f36f7b3daafc17974c1edbc48383f9691809dca7f0067bba,87,sensitivity_type_conflict,discovery,GVPA_001555
GVPA_001755,WP_231183142.1,f87e80c34ba5c8c8909bbdd240615676baff89720ec7c271d2c949964d53bfc2,87,sensitivity_type_conflict,validation,GVPA_001755
GVPA_001765,WP_265409472.1,09f47a4c9a94b657ae7d1fd6a904d0e1860e493a6747ea8b5847a6bee1457ba9,87,sensitivity_type_conflict,discovery,GVPA_001712
GVPA_001767,WP_226654652.1,e092f1bde34194b8d96952c80a1bb45bd13eab90c8f00a8c8b92bd8f8a8e89d8,87,sensitivity_type_conflict,discovery,GVPA_001551
GVPA_001776,WP_058306416.1,c277f769aaa81aaf72429438ee690fcac7a0d61a596ebae1accff378366148d9,87,sensitivity_type_conflict,discovery,GVPA_001581
GVPA_001777,ULT55714.1,293e1b872cd54d43e73bc8e3767bce8f873a68ea2121c0dbb9c597cef3c7d480,87,sensitivity_type_conflict,discovery,GVPA_001551
GVPA_001778,KAB8139234.1,37b05a8afc863fa51a90b31de1077d7648b1c85f342ea7ac5f5178f727de12af,87,sensitivity_type_conflict,discovery,GVPA_001581
GVPA_001779,WP_439300215.1,a46817057b2430d35a66af693a75d5bfb1e2d7719ba5eb53f9f053d3ec589160,87,sensitivity_type_conflict,discovery,GVPA_001555
GVPA_001780,YCA96757.1,626bf126ff6a42e860e1c20b32f28779f549346c7554d3694e519c08b6d8a44f,86,sensitivity_partial_and_type_conflict,discovery,GVPA_001555
GVPA_001781,CAN7153602.1,cd47d1496d29850f6644a2e4918cb8d069efc2063d92c23b7ee666969d921dd9,86,sensitivity_type_conflict,discovery,GVPA_001581
GVPA_001782,CAN7153246.1,17825fed28b3816957865a9787600fce91fde45a10731384cca9440cc2086949,86,sensitivity_type_conflict,discovery,GVPA_001555
GVPA_001790,CAM3692216.1,bd790502a785bc49c92c22bfe6be22e078ca2560637cb3de09378ff468ab79ac,86,sensitivity_type_conflict,discovery,GVPA_001551
GVPA_001791,XNZ78493.1,271291dc0f72accfac607a148f3b6af0576a1ad6cb95ac9bf3548d2abca3aa08,86,sensitivity_type_conflict,discovery,GVPA_001581
GVPA_001793,WP_317121874.1,e8c5de40001b59b84f3000546d57bdbffeb1f2fbded41da8015760622ba66cb1,86,sensitivity_partial,discovery,GVPA_001555
GVPA_001795,XKE79926.1,5e8f0a8871d86e6b22f4def21b254b9d16002da7ae0145a210f03178265680c3,86,sensitivity_type_conflict,discovery,GVPA_001555
GVPA_001796,WP_375218407.1,875f973318346cb3195c0e54e2957fb5e2b9705277fba1185a2959b7514f62fe,86,sensitivity_type_conflict,discovery,GVPA_001555
GVPA_001806,UTE73172.1,426945d8cc00ec8955a1646dbeed14d6101d9b701a545ad72475714ad119e38e,86,sensitivity_type_conflict,discovery,GVPA_001581
GVPA_001810,WP_224880169.1,1da09a04eab900f303396e5c38a46627db81572da7ab13c70418a763829d05ea,86,sensitivity_type_conflict,discovery,GVPA_001555
GVPA_001830,USK34280.1,9b2a86e0f5de235d8cf52558cde6df4b781cc1f877562038ef4e9a43cd99efc3,86,sensitivity_type_conflict,discovery,GVPA_001581
GVPA_001831,UNL86342.1,5a65931304c85af4f9a6a8601ff381e882ea89409a4bc331451f79f09290c2a5,86,sensitivity_type_conflict,discovery,GVPA_001551
GVPA_001832,UJL47059.1,ba64cf7825cd36a3f8b7950863533515132c06bc5ea3e8c16b6b8e17740e07a2,86,sensitivity_type_conflict,validation,GVPA_001580
GVPA_001833,QNF26651.1,00eda75e8d86c0000a3e57832e5b5305cc66f3d059610af378343293cdb407fa,86,sensitivity_type_conflict,discovery,GVPA_001555
GVPA_001834,QHA93749.1,5a5bacfae0ea1aabc64c6973c837e7b47aa08a936033e40d8f228a9fb9d056b7,86,sensitivity_type_conflict,discovery,GVPA_001555
GVPA_001835,QHA93746.1,1f2c477ee6074e5c2f67520b7e1a4237ea023349016bf465b6afd071c2df9d0b,86,sensitivity_type_conflict,discovery,GVPA_001551
GVPA_001836,KAB7708957.1,d252dbbddf802ed0c32c81769941bde9e8582c7cf44e6d2f80cbcebca8548d31,86,sensitivity_type_conflict,discovery,GVPA_001555
GVPA_001837,TKD70695.1,1e65f05d1b7b49872288a5ca00db21c06d7676d385e2875972f1fc5190b2da99,86,sensitivity_type_conflict,discovery,GVPA_001551
GVPA_001838,TDL31903.1,d1536b249be108b51522ce161440981021e34e2d67e7ae924afffc4b039c0dd5,86,sensitivity_type_conflict,discovery,GVPA_001551
GVPA_001839,RLQ95482.1,909c536e9d142d6c71c3ec10da03d26ab78e922128a69214154e3e7c75dad105,86,sensitivity_type_conflict,discovery,GVPA_001551
GVPA_001840,RLQ95479.1,69fb8c8dffa72eb18b9bcf25ebc93d0421c8bceb079406c8859d9e03ce3f89f4,86,sensitivity_type_conflict,discovery,GVPA_001551
GVPA_001841,RHW33217.1,a67e165cabef467e0ac9e94b61260bd0873a88d6ba96eadf28144f3c433e7ad7,86,sensitivity_type_conflict,discovery,GVPA_001555
GVPA_001850,UTE73169.1,e1d8e1d8d2f54947a961e47ae2b8a2f3d9e21221779701cb9a59026d90dfcb18,85,sensitivity_type_conflict,discovery,GVPA_001581
GVPA_001854,WP_441338718.1,8905cdbf16be39688dea0bc6683cb0417062e3589286e63a16a9f9b239ea8420,85,sensitivity_partial_and_type_conflict,validation,GVPA_001694
GVPA_001855,WP_439300212.1,375409e47c121ca81b85e91a4727700b9170b3cb9a5825557448f0be25b0530a,85,sensitivity_type_conflict,validation,GVPA_001580
GVPA_001860,XKE66939.1,0bead889339fd4f049d1c8cdb1cb2afbce7f450012be3c4a0525a219de8b696f,84,sensitivity_type_conflict,discovery,GVPA_001551
GVPA_001871,QGH36783.1,03154ee220c3666c043c403a5b0fbc598fe443cc00fe43a51b33898f22435530,83,sensitivity_type_conflict,discovery,GVPA_001551
GVPA_001872,WP_233491533.1,cd15fd2a214ac9570bfd13751ddd824061d5d55bc28fc3df3c1367b97c80a108,83,sensitivity_partial,discovery,GVPA_001547
GVPA_001878,QIZ08011.1,e026213b5b86b7c3c8177f4b74a86e07a6c56d7d01286fc4ab7298ad58e99c01,82,sensitivity_type_conflict,discovery,GVPA_001722
GVPA_001879,RFU67304.1,a984f11bd60c35139c61b723efe1095574afbf567b075acdf34286a1225a2bc3,82,sensitivity_type_conflict,discovery,GVPA_001551
GVPA_001884,WP_431193991.1,9896810d394d4d1edf15ff02a5ebe1a5ce22578a398bf69c24333fb0d1e948a5,80,sensitivity_partial,validation,GVPA_001694
GVPA_001885,sp|P08959.3|GVPA2_HALSA,766d45336d56f5b42f24327e8017dcef111a6d0d9ef09d065ff599ed28c3610e,79,sensitivity_partial,discovery,GVPA_001568
GVPA_001893,UZJ78483.1,0e9e8ccae45355dc3f28017c3d12799d8de76faee41e6a387cc5d9cbc54f627e,78,sensitivity_type_conflict,discovery,GVPA_001722
GVPA_001895,QUW20519.1,63a459194d6b4339d8bf814e76f0ac33b9d16532c77a479f1eed33164d7e7ffe,77,sensitivity_type_conflict,discovery,GVPA_001551
GVPA_001898,WP_413173344.1,3f2cb7eca6dff49eb9eba55009404da2596edaa8a84214ff0a062983369e81b2,76,sensitivity_partial_and_type_conflict,validation,GVPA_001694
GVPA_001900,WP_276835635.1,0da4fc315e8c5fa1925fb0764a91af43de57873340a143b142e0b66ac5307abb,76,sensitivity_partial_and_type_conflict,validation,GVPA_001677
GVPA_001904,WP_095644993.1,b3561a1e0242e2259486fe4e0fe24920cc0a6cfa37ee2d5ee0f4ab2b949738c6,76,sensitivity_partial_and_type_conflict,discovery,GVPA_001568
GVPA_001917,WP_414404485.1,62e969f90251277368266d759d9d4fd4cc78f03b7eadcfade3fc001db4bf0600,75,sensitivity_partial_and_type_conflict,validation,GVPA_001694
GVPA_001927,WP_426749826.1,b3e7eac10f741058a688bc7d62c0f50b5a15ad09caae40e59b5e7155d1011066,74,sensitivity_type_conflict,discovery,GVPA_001547
GVPA_001929,WP_334789054.1,8be2e14f0153cb01c7e89076f2a6275d8da7f12e0e575e69dabb3df9999082cc,74,sensitivity_partial_and_type_conflict,validation,GVPA_001694
GVPA_001941,WBV43491.1,f6a10f9036e40524b807447f90682a250b61d19c637a2badbde8ba40801c58fa,74,sensitivity_type_conflict,discovery,GVPA_001919
GVPA_001942,UYI24884.1,67932dce44a393cc5d41a1cf21299a35df270345f50883fcdd153fe6edbae429,74,sensitivity_type_conflict,discovery,GVPA_001547
GVPA_001944,TGE34895.1,d1f375c2dc6b433a465c6447009d9de63659f06a86631044bfac4c1cc9f1cdf1,74,sensitivity_type_conflict,discovery,GVPA_001944
GVPA_001956,WP_224249737.1,2b57a127896613be0c567c3e6e1bd21928d29b1de9c410605a650ef834f57699,73,sensitivity_partial_and_type_conflict,discovery,GVPA_001547
GVPA_001962,WP_434971879.1,0e04889ea449c11132b46b6d3cc08adbd373bf5f1465f50ae1a2ca651ea7675f,73,sensitivity_type_conflict,discovery,GVPA_001547
GVPA_001971,XXJ15031.1,64208f7b33282b03c8c6f4013e438a9f19fc9c3f1337c93bcd03d0755e87ee6b,72,sensitivity_type_conflict,discovery,GVPA_001547
GVPA_001977,WP_416108851.1,b7662fa2f5d44aa0d6b41c24f4f96c605eb5db30149fbf2c0bac9fe17a17acbe,72,sensitivity_partial_and_type_conflict,discovery,GVPA_001547
GVPA_001984,WP_287130436.1,f31ef9ed0a87f1bcd7f16380f5c67a3c99ab66cda4b11e28e567896af35c10fb,72,sensitivity_type_conflict,validation,GVPA_001694
GVPA_001985,WP_304825881.1,4cc577e850a35b25573fdd4685c9092e5ddc258f28461dd166070db0f5864ff5,72,sensitivity_type_conflict,discovery,GVPA_001547
GVPA_001987,WP_120798278.1,a2a7b780c74df6bd950e44b846f19e8dbd13d6566314074bf2069ba9d093ab3a,72,sensitivity_partial_and_type_conflict,discovery,GVPA_001547
GVPA_002005,WP_132243842.1,1cabf52c370a690f1b571a16c38fd94f7cfe2f67c52c7b4844a27cc497acd584,72,sensitivity_type_conflict,discovery,GVPA_001581
GVPA_002019,WP_439345357.1,6d995d9db67c9b27bce8b5a79af86b4e60b0c43be0baa5c543e8e8dd085dc7b3,72,sensitivity_type_conflict,validation,GVPA_001694
GVPA_002024,WP_229250374.1,45f439ecd52873031578853dd0e7bf7349fee43600e6b3b27eacb8600dc66198,71,sensitivity_partial_and_type_conflict,discovery,GVPA_002024
GVPA_002033,WP_009169231.1,51883a62e7fa5ef818e6499cbd55d963789b8e540a7cfb352608744ffe3513fa,71,sensitivity_type_conflict,discovery,GVPA_001916
GVPA_002057,TGE34886.1,7907af28df24ff186b5593bee5426a113f69095f73260e8b3e797d3c9c4ea7fa,70,sensitivity_type_conflict,discovery,GVPA_002024
GVPA_002070,TGE34899.1,86afbb878b7c7f26953e2ef1cad58adf986ccdc77f08069412d264d4c6f0b9fe,68,sensitivity_type_conflict,discovery,GVPA_000119
