experiment_id,owner,status,rq,dataset_version,split_version,config_path,seed,git_commit,metrics_path,artifact_uri,conclusion,limitations
M2-DATA-AUDIT-001,A,completed,M2-data-foundation,gvpa-recognition-c7f6f005d717,homology-8b9005e2d9-s42,configs/baseline.yaml,42,afc2e37d3f28f5bacf3afd5a4f506254e953a7a2,results/data_audit/gvpa_v1_audit_summary.json,data/processed/gvpa_v1/,2078 candidates audited; 2076 sequence-QC eligible; 1721 primary,Audit only. The homology split is recorded in M2-HOMOLOGY-SPLIT-001.
M2-HOMOLOGY-SPLIT-001,A,completed,M2-homology-split,gvpa-recognition-c7f6f005d717,homology-8b9005e2d9-s42,configs/baseline.yaml,42,b76c23e92a0ac90a462ae4c7cf2e48b0a83e9979,results/data_audit/gvpa_v1_split_summary.json,data/processed/gvpa_v1/split/,478 clusters; discovery 1453 and validation 623; cluster leakage 0,Threshold sensitivity is recorded in M2-D-SENSITIVITY-001 and does not replace this split.
M2-C-PF00741-001,C,completed,M2-pf00741,gvpa-recognition-c7f6f005d717,homology-8b9005e2d9-s42,configs/baseline.yaml,42,c2a88bd5854859a61c778168db045ccdf9d30253,results/bioinformatics/pf00741_scan_summary.json,results/bioinformatics/,2076 QC-eligible sequences accepted by PF00741.24; 7R1C chain N maps to 39 match states,Hits are family coordinates not functional labels. Validation sequences were not used for conservation. Run receipt reports dirty=true; git_commit is recorded HEAD only; workflow and coordinates hashes match main but full dirty environment unverified; archive_commit=ae954d5a43f8ed96e24955a68b276e20a3f75866.
M2-D-SENSITIVITY-001,D,completed,M2-sensitivity,gvpa-recognition-c7f6f005d717,homology-8b9005e2d9-s42,configs/baseline.yaml,42,ae954d5a43f8ed96e24955a68b276e20a3f75866,results/data_audit/mmseqs_sensitivity.json,results/data_audit/mmseqs_sensitivity.json,Identity 0.8 reproduces the frozen split manifest; 0.7 and 0.9 do not,MMseqs2 15-6f452. The frozen split was not replaced.
M2-E-FIGURES-001,E,historical_unknown_run_sha_superseded_cohort,M2-figures,gvpa-recognition-c7f6f005d717,homology-8b9005e2d9-s42,configs/baseline.yaml,42,,reports/M2/figure_manifest.csv,reports/M2/figures/,Historical seven figures archived; erroneous cohort figure replaced by E002; original execution SHA unknown,run_commit=unknown; archive_commit=666de2bfb0fb62e660a848fec0c6662d034c076d; E002 replaces cohort only; diagnostic redraw does not reconstruct original E001 run; A must acknowledge limitation
M2-E-FIGURES-002,Codex-assistant,technical_verified_pending_A_acceptance,M2-figures,gvpa-recognition-c7f6f005d717,homology-8b9005e2d9-s42,results/data_audit/gvpa_v1_audit_summary.json,,9c4c1f717e27d90aadbeec4cbe347de0a71e218f,reports/M2/runs/M2-E-FIGURES-002/cohort_counts.csv,reports/M2/runs/M2-E-FIGURES-002,Cohort figure regenerated from verified metadata: 1721;20;305;30;2,Assistant run; only cohort figure rerun; A personal acceptance pending; receipt=reports/M2/runs/M2-E-FIGURES-002/run_receipt.json
M2-C-PF00741-002,C,technical_verified_pending_A_acceptance,M2-pf00741,gvpa-recognition-c7f6f005d717,homology-8b9005e2d9-s42,requirements-m2-c.txt,,1b7b249f986713a3b4c8343b898486be822fc16f,results/bioinformatics/pf00741_scan_002_summary.json,data/processed/m2_c/pf00741_scan_002/,Clean PF00741.24 scan: 2076 accepted; discovery 1453; validation 623; raw bytes match archived run 001,Local package MLP_C_M2_scan_002_handoff.zip verified; Release actually downloaded and byte-verified by assistant; A personal acceptance pending; not functional labels
M3-D-SMOKE-001,A/D; assistant executed,completed_pending_non_author_review,M3-discovery,gvpa-recognition-c7f6f005d717,homology-8b9005e2d9-s42,configs/m3_discovery.json,42,dc066b76c637cdb1b90b7c8490e28ad81c4cff52,reports/M3/runs/M3-D-SMOKE-001/run_receipt.json,data/processed/m3/M3-D-SMOKE-001/,"{""n_sequences"":24}",Discovery only; raw arrays/local transform not in Git; actual run SHA preserved; A candidate approval and true review pending.
M3-D-CACHE-001,A/D; assistant executed,completed_pending_non_author_review,M3-discovery,gvpa-recognition-c7f6f005d717,homology-8b9005e2d9-s42,configs/m3_discovery.json,42,dc066b76c637cdb1b90b7c8490e28ad81c4cff52,reports/M3/runs/M3-D-CACHE-001/run_receipt.json,data/processed/m3/M3-D-CACHE-001/,"{""n_sequences"":24}",Discovery only; raw arrays/local transform not in Git; actual run SHA preserved; A candidate approval and true review pending.
M3-D-EMBED-001,A/D; assistant executed,completed_pending_non_author_review,M3-discovery,gvpa-recognition-c7f6f005d717,homology-8b9005e2d9-s42,configs/m3_discovery.json,42,dc066b76c637cdb1b90b7c8490e28ad81c4cff52,reports/M3/runs/M3-D-EMBED-001/run_receipt.json,data/processed/m3/M3-D-EMBED-001/,"{""n_sequences"":1202}",Discovery only; raw arrays/local transform not in Git; actual run SHA preserved; A candidate approval and true review pending.
M3-D-DISCOVERY-001,A/D; assistant executed,completed_pending_non_author_review,M3-discovery,gvpa-recognition-c7f6f005d717,homology-8b9005e2d9-s42,configs/m3_discovery.json,42,dc066b76c637cdb1b90b7c8490e28ad81c4cff52,reports/M3/runs/M3-D-DISCOVERY-001/run_receipt.json,data/processed/m3/M3-D-DISCOVERY-001/,"{""n_sequences"":1202,""n_windows"":24581,""n_candidate_clusters"":4,""n_parameter_runs"":12,""validation_used"":false}",Discovery only; raw arrays/local transform not in Git; actual run SHA preserved; A candidate approval and true review pending.
M3-D-COHORT-EMBED-001,A/D; assistant executed,completed_pending_non_author_review,M3-discovery,gvpa-recognition-c7f6f005d717,homology-8b9005e2d9-s42,configs/m3_discovery.json,42,eb2292e41e638d8efd33c8bc84bbfb71e9368d22,reports/M3/runs/M3-D-COHORT-EMBED-001/run_receipt.json,data/processed/m3/M3-D-COHORT-EMBED-001/,"{""n_sequences"":1453}",Discovery only; raw arrays/local transform not in Git; actual run SHA preserved; A candidate approval and true review pending.
M3-D-COHORT-001,A/D; assistant executed,completed_pending_non_author_review,M3-discovery,gvpa-recognition-c7f6f005d717,homology-8b9005e2d9-s42,configs/m3_discovery.json,42,eb2292e41e638d8efd33c8bc84bbfb71e9368d22,reports/M3/runs/M3-D-COHORT-001/run_receipt.json,data/processed/m3/M3-D-COHORT-001/,"{""n_sequences"":1453,""n_windows"":29611,""validation_used"":false}",Discovery only; raw arrays/local transform not in Git; actual run SHA preserved; A candidate approval and true review pending.
M3-D-ROBUST-001,Codex-assistant,completed_pending_A_candidate_decision,M3-discovery-diagnostic,gvpa-recognition-c7f6f005d717,homology-8b9005e2d9-s42,configs/m3_discovery.json,42,8a0bf23715783de9fc1c5fe9fd3e6a5bb83644ee,reports/M3/runs/M3-D-ROBUST-001/run_receipt.json,reports/M3/runs/M3-D-ROBUST-001/,"{""n_sequences"":1202,""n_candidate_sequences"":265,""length_only_auc"":0.9687742896840579,""validation_used"":false}",Discovery-only cluster 3 post-selection diagnostic; strong length confounding; candidate not frozen; no A approval or functional claim.
